centroid_x,centroid_y,structure_id
165765.158,385395.911,SA1001
165765.158,385395.911,SA1002
165765.158,385395.911,SA1003
165765.158,385395.911,SA1004
165977.503,385375.2374,SA1005
165976.9851,385390.2259,SA1006
165965.4565,385397.6778,SA1007
165955.8206,385418.3463,SA1008
165952.9115,385434.3682,SA1009
165952.9115,385434.3682,SA1010
165952.9115,385434.3682,SA1011
165952.9115,385434.3682,SA1012
165937.6197,385456.3674,SA1013
165937.6197,385456.3674,SA1014
165937.6197,385456.3674,SA1015
165937.6197,385456.3674,SA1016
165952.9462,385462.4894,SA1017
165904.7596,385441.3324,SA1018
165904.7596,385441.3324,SA1019
165904.7596,385441.3324,SA1020
165904.7596,385441.3324,SA1021
165904.7596,385441.3324,SA1022
165904.7596,385441.3324,SA1023
165904.7596,385441.3324,SA1024
165909.4906,385423.6869,SA1025
165909.4906,385423.6869,SA1026
165909.4906,385423.6869,SA1027
165909.4906,385423.6869,SA1028
165909.4906,385423.6869,SA1029
165876.2842,385426.0545,SA1030
165876.2842,385426.0545,SA1031
165890.8062,385433.6644,SA1032
165890.8062,385433.6644,SA1033
165890.8062,385433.6644,SA1034
165842.8785,385406.1343,SA1035
166136.8442,385476.3738,SA1036
166136.8442,385476.3738,SA1037
166136.8442,385476.3738,SA1038
166136.8442,385476.3738,SA1039
166136.8442,385476.3738,SA1040
166136.8442,385476.3738,SA1041
166136.8442,385476.3738,SA1042
166136.8442,385476.3738,SA1043
166136.8442,385476.3738,SA1044
166136.8442,385476.3738,SA1045
166127.2005,385498.6347,SA1046
166127.2005,385498.6347,SA1047
166127.2005,385498.6347,SA1048
166127.2005,385498.6347,SA1049
166127.2005,385498.6347,SA1050
166127.2005,385498.6347,SA1051
166127.2005,385498.6347,SA1052
166088.2064,385502.7448,SA1053
166088.2064,385502.7448,SA1054
166088.2064,385502.7448,SA1055
166082.9163,385512.0895,SA1056
166082.9163,385512.0895,SA1057
166082.9163,385512.0895,SA1058
166082.9163,385512.0895,SA1059
166082.9163,385512.0895,SA1060
166082.9163,385512.0895,SA1061
166095.8318,385517.8581,SA1062
166095.8318,385517.8581,SA1063
166095.8318,385517.8581,SA1064
166095.8318,385517.8581,SA1065
166134.319,385553.2607,SA1066
166134.319,385553.2607,SA1067
166134.319,385553.2607,SA1068
166134.319,385553.2607,SA1069
166106.5485,385544.8922,SA1070
166106.5485,385544.8922,SA1071
166106.5485,385544.8922,SA1072
166106.5485,385544.8922,SA1073
166032.2133,385532.5632,SA1074
166017.1561,385529.0284,SA1075
166003.5533,385523.7115,SA1076
166003.5533,385523.7115,SA1077
166003.5533,385523.7115,SA1078
166003.5533,385523.7115,SA1079
166003.5533,385523.7115,SA1080
166009.9828,385543.0577,SA1081
166009.9828,385543.0577,SA1082
165986.0729,385542.7849,SA1083
165984.9375,385526.1463,SA1084
165972.805,385509.9471,SA1085
165972.805,385509.9471,SA1086
165972.805,385509.9471,SA1087
166011.6161,385396.5861,SA1088
166011.6161,385396.5861,SA1089
166006.1208,385408.4837,SA1090
166006.1208,385408.4837,SA1091
165997.3662,385417.2981,SA1092
165940.1246,385485.3248,SA1093
165940.1246,385485.3248,SA1094
165940.1246,385485.3248,SA1095
165940.1246,385485.3248,SA1096
165922.1258,385481.1581,SA1097
165922.1258,385481.1581,SA1098
165922.1258,385481.1581,SA1099
165922.1258,385481.1581,SA1100
165922.1258,385481.1581,SA1101
165922.1258,385481.1581,SA1102
165922.1258,385481.1581,SA1103
165922.1258,385481.1581,SA1104
165922.1258,385481.1581,SA1105
165922.1258,385481.1581,SA1106
165906.3531,385478.918,SA1107
165906.3531,385478.918,SA1108
165890.6988,385470.3512,SA1109
165890.6988,385470.3512,SA1110
165862.6854,385454.2084,SA1111
165862.6854,385454.2084,SA1112
165862.6854,385454.2084,SA1113
165862.6854,385454.2084,SA1114
166124.5676,385435.9108,SA1115
166124.5676,385435.9108,SA1116
166124.5676,385435.9108,SA1117
166124.5676,385435.9108,SA1118
166124.5676,385435.9108,SA1119
166124.5676,385435.9108,SA1120
166124.5676,385435.9108,SA1121
166124.5676,385435.9108,SA1122
166124.5676,385435.9108,SA1123
166124.5676,385435.9108,SA1124
166147.0216,385458.3619,SA1125
166147.0216,385458.3619,SA1126
166147.0216,385458.3619,SA1127
166147.0216,385458.3619,SA1128
166147.0216,385458.3619,SA1129
166113.2482,385448.0111,SA1130
166113.2482,385448.0111,SA1131
166113.2482,385448.0111,SA1132
166113.2482,385448.0111,SA1133
166113.2482,385448.0111,SA1134
166088.1905,385471.8632,SA1135
166095.3347,385493.4012,SA1136
166095.3347,385493.4012,SA1137
166095.3347,385493.4012,SA1138
166095.3347,385493.4012,SA1139
166079.8002,385528.2758,SA1140
166079.8002,385528.2758,SA1141
166046.4277,385512.4036,SA1142
166050.8403,385493.1481,SA1143
166063.8699,385467.3002,SA1144
166072.5293,385416.6294,SA1145
166050.2304,385458.9959,SA1146
166058.0208,385442.3132,SA1147
166058.0208,385442.3132,SA1148
166058.0208,385442.3132,SA1149
166058.0208,385442.3132,SA1150
166074.0755,385445.6142,SA1151
166084.4993,385445.4513,SA1152
166081.5037,385433.4804,SA1153
166100.6664,385416.3585,SA1154
166049.621,385438.0228,SA1155
166049.621,385438.0228,SA1156
166087.1999,385422.493,SA1157
166087.1999,385422.493,SA1158
166087.1999,385422.493,SA1159
166087.1999,385422.493,SA1160
166071.0849,385428.9408,SA1161
166071.0849,385428.9408,SA1162
166038.8269,385429.0756,SA1163
166038.8269,385429.0756,SA1164
166020.3449,385470.8137,SA1165
166028.6,385447.6455,SA1166
166028.6,385447.6455,SA1167
166028.6,385447.6455,SA1168
166028.6,385447.6455,SA1169
166011.899,385480.4226,SA1170
166023.3895,385486.7838,SA1171
166023.3895,385486.7838,SA1172
166023.3895,385486.7838,SA1173
166023.3895,385486.7838,SA1174
166028.4091,385505.5674,SA1175
165971.156,385481.4391,SA1176
165971.156,385481.4391,SA1177
165971.156,385481.4391,SA1178
165971.156,385481.4391,SA1179
165971.156,385481.4391,SA1180
165976.3552,385471.004,SA1181
165976.3552,385471.004,SA1182
165976.3552,385471.004,SA1183
165979.2888,385458.0139,SA1184
165981.0691,385446.7911,SA1185
165978.4992,385431.3929,SA1186
165978.4992,385431.3929,SA1187
165978.4992,385431.3929,SA1188
165978.4992,385431.3929,SA1189
165949.9335,385445.5584,SA1190
165970.3921,385414.4989,SA1191
166058.1022,385477.1598,SA1192
165458.2973,385200.517,SA1193
165458.2973,385200.517,SA1194
165458.2973,385200.517,SA1195
165512.612,385180.7402,SA1196
165512.612,385180.7402,SA1197
165512.612,385180.7402,SA1198
165512.612,385180.7402,SA1199
165549.9299,385288.1492,SA1200
165549.9299,385288.1492,SA1201
165519.4641,385266.1311,SA1202
165519.4641,385266.1311,SA1203
165519.4641,385266.1311,SA1204
165519.4641,385266.1311,SA1205
165498.6462,385261.0788,SA1206
165498.6462,385261.0788,SA1207
165546.1398,385254.3751,SA1208
165553.9053,385244.5656,SA1209
165595.9275,385229.6545,SA1210
165595.9275,385229.6545,SA1211
165595.9275,385229.6545,SA1212
165595.9275,385229.6545,SA1213
165595.9275,385229.6545,SA1214
165624.7496,385250.1688,SA1215
165624.7496,385250.1688,SA1216
165624.7496,385250.1688,SA1217
165618.181,385218.9592,SA1218
165618.181,385218.9592,SA1219
165618.181,385218.9592,SA1220
165618.181,385218.9592,SA1221
165618.181,385218.9592,SA1222
165625.7767,385206.1681,SA1223
165625.7767,385206.1681,SA1224
165606.7502,385208.6547,SA1225
165606.7502,385208.6547,SA1226
165606.7502,385208.6547,SA1227
165605.1821,385188.7144,SA1228
165605.1821,385188.7144,SA1229
165552.686,385169.5912,SA1230
165552.686,385169.5912,SA1231
165506.243,385191.9774,SA1232
165472.2034,385187.6445,SA1233
165472.2034,385187.6445,SA1234
165472.2034,385187.6445,SA1235
165472.2034,385187.6445,SA1236
165472.2034,385187.6445,SA1237
165472.2034,385187.6445,SA1238
165472.2034,385187.6445,SA1239
165472.2034,385187.6445,SA1240
165468.2558,385194.8985,SA1241
165430.7998,385221.8891,SA1242
165430.7998,385221.8891,SA1243
165430.7998,385221.8891,SA1244
165430.7998,385221.8891,SA1245
165394.0662,385193.8234,SA1246
165363.9419,385186.0765,SA1247
165363.9419,385186.0765,SA1248
165363.9419,385186.0765,SA1249
165363.9419,385186.0765,SA1250
165363.9419,385186.0765,SA1251
165313.1849,385165.1323,SA1252
165313.1849,385165.1323,SA1253
165313.1849,385165.1323,SA1254
165348.3105,385151.7113,SA1255
165370.5968,385154.5738,SA1256
165393.1706,385166.2835,SA1257
165393.1706,385166.2835,SA1258
165393.1706,385166.2835,SA1259
165426.3628,385192.7815,SA1260
165426.3628,385192.7815,SA1261
165426.3628,385192.7815,SA1262
165426.3628,385192.7815,SA1263
165426.3628,385192.7815,SA1264
165426.3628,385192.7815,SA1265
165426.3628,385192.7815,SA1266
165426.3628,385192.7815,SA1267
165615.4417,385288.826,SA1268
165615.4417,385288.826,SA1269
165622.1675,385275.543,SA1270
165622.1675,385275.543,SA1271
165622.1675,385275.543,SA1272
165622.1675,385275.543,SA1273
165587.3933,385272.4812,SA1274
165587.3933,385272.4812,SA1275
165579.2111,385225.2092,SA1276
165579.2111,385225.2092,SA1277
165579.2111,385225.2092,SA1278
165579.2111,385225.2092,SA1279
165579.2111,385225.2092,SA1280
165588.2517,385212.3251,SA1281
165588.2517,385212.3251,SA1282
165588.2517,385212.3251,SA1283
165610.5582,385237.94,SA1284
165610.5582,385237.94,SA1285
165610.5582,385237.94,SA1286
165610.5582,385237.94,SA1287
165634.4197,385230.0853,SA1288
165634.4197,385230.0853,SA1289
165564.8793,385174.5111,SA1290
165564.8793,385174.5111,SA1291
165564.8793,385174.5111,SA1292
165564.8793,385174.5111,SA1293
165518.4903,385199.7367,SA1294
165518.4903,385199.7367,SA1295
165518.4903,385199.7367,SA1296
165518.4903,385199.7367,SA1297
165518.4903,385199.7367,SA1298
165487.7619,385161.7829,SA1299
165487.7619,385161.7829,SA1300
165487.7619,385161.7829,SA1301
165495.8014,385141.2887,SA1302
165495.8014,385141.2887,SA1303
165495.8014,385141.2887,SA1304
165495.8014,385141.2887,SA1305
165495.8014,385141.2887,SA1306
165495.8014,385141.2887,SA1307
165451.6408,385131.944,SA1308
165451.6408,385131.944,SA1309
165451.6408,385131.944,SA1310
165451.6408,385131.944,SA1311
165453.5664,385119.6182,SA1312
165453.5664,385119.6182,SA1313
165453.5664,385119.6182,SA1314
165470.0904,385155.9777,SA1315
165470.0904,385155.9777,SA1316
165459.2413,385174.8431,SA1317
165459.2413,385174.8431,SA1318
165459.2413,385174.8431,SA1319
165456.656,385152.2734,SA1320
165456.656,385152.2734,SA1321
165456.656,385152.2734,SA1322
165961.8372,384759.8879,SA1323
165530.9863,385243.6362,SA1324
165537.2126,385206.9956,SA1325
165537.2126,385206.9956,SA1326
165564.2094,385217.9556,SA1327
165572.2658,385205.6258,SA1328
165583.2684,385194.4408,SA1329
165583.2684,385194.4408,SA1330
165592.0343,385183.2007,SA1331
165592.0343,385183.2007,SA1332
165597.6322,385171.2022,SA1333
165572.1122,385148.2276,SA1334
165518.6398,385168.6856,SA1335
165518.6398,385168.6856,SA1336
165518.6398,385168.6856,SA1337
165518.6398,385168.6856,SA1338
165459.9258,385240.6029,SA1339
165459.9258,385240.6029,SA1340
165459.9258,385240.6029,SA1341
165415.9744,385214.4123,SA1342
165378.6414,385187.6426,SA1343
165378.6414,385187.6426,SA1344
165378.6414,385187.6426,SA1345
165329.0091,385174.1211,SA1346
165329.0091,385174.1211,SA1347
165329.0091,385174.1211,SA1348
165329.0091,385174.1211,SA1349
165329.0091,385174.1211,SA1350
165329.0091,385174.1211,SA1351
165329.0091,385174.1211,SA1352
165329.0091,385174.1211,SA1353
165294.6566,385149.0738,SA1354
165378.116,385164.7834,SA1355
165378.116,385164.7834,SA1356
165428.5871,385180.8976,SA1357
165428.5871,385180.8976,SA1358
165435.4749,385159.7343,SA1359
165435.4749,385159.7343,SA1360
166149.0957,385441.0895,SA1361
166149.0957,385441.0895,SA1362
165901.8238,385392.8642,SA1363
165901.8238,385392.8642,SA1364
165901.8238,385392.8642,SA1365
165901.8238,385392.8642,SA1366
165901.8238,385392.8642,SA1367
165922.462,385395.2158,SA1368
165922.462,385395.2158,SA1369
165922.462,385395.2158,SA1370
165922.462,385395.2158,SA1371
165905.3293,385270.4123,SA1372
165905.3293,385270.4123,SA1373
165905.3293,385270.4123,SA1374
165905.3293,385270.4123,SA1375
165893.104,385286.7745,SA1376
165893.104,385286.7745,SA1377
165913.0118,385294.9666,SA1378
165913.0118,385294.9666,SA1379
165913.0118,385294.9666,SA1380
165913.0118,385294.9666,SA1381
165913.0118,385294.9666,SA1382
165906.3718,385253.6814,SA1383
165906.3718,385253.6814,SA1384
165906.3718,385253.6814,SA1385
165906.3718,385253.6814,SA1386
165906.3718,385253.6814,SA1387
165917.233,385230.5132,SA1388
165917.233,385230.5132,SA1389
165917.233,385230.5132,SA1390
165912.4343,385209.523,SA1391
165912.4343,385209.523,SA1392
165923.8134,385200.6526,SA1393
165923.8134,385200.6526,SA1394
165939.3223,385205.0749,SA1395
165925.643,385183.1425,SA1396
165932.3663,385160.8047,SA1397
165932.3663,385160.8047,SA1398
165885.9141,385164.6322,SA1399
165885.9141,385164.6322,SA1400
165842.1357,385185.1521,SA1401
165842.1357,385185.1521,SA1402
165846.1787,385201.1844,SA1403
165846.1787,385201.1844,SA1404
165846.1787,385201.1844,SA1405
165846.1787,385201.1844,SA1406
165856.7012,385132.8529,SA1407
165856.7012,385132.8529,SA1408
165856.7012,385132.8529,SA1409
165856.7012,385132.8529,SA1410
165856.7012,385132.8529,SA1411
165720.256,385290.2757,SA1412
165720.256,385290.2757,SA1413
165720.256,385290.2757,SA1414
165720.256,385290.2757,SA1415
165864.9177,385192.9246,SA1416
165718.4691,385185.3773,SA1417
165718.4691,385185.3773,SA1418
165729.2438,385196.7139,SA1419
165729.2438,385196.7139,SA1420
165729.2438,385196.7139,SA1421
165729.2438,385196.7139,SA1422
165729.2438,385196.7139,SA1423
165737.4695,385182.3918,SA1424
165737.4695,385182.3918,SA1425
165737.4695,385182.3918,SA1426
165737.4695,385182.3918,SA1427
165737.4695,385182.3918,SA1428
165762.3336,385151.2799,SA1429
165762.3336,385151.2799,SA1430
165762.3336,385151.2799,SA1431
165750.5455,385336.7174,SA1432
165750.5455,385336.7174,SA1433
165750.5455,385336.7174,SA1434
165708.49,385306.9447,SA1435
165708.49,385306.9447,SA1436
165708.49,385306.9447,SA1437
165708.49,385306.9447,SA1438
165708.49,385306.9447,SA1439
165708.49,385306.9447,SA1440
165708.49,385306.9447,SA1441
165708.49,385306.9447,SA1442
165709.248,385364.7295,SA1443
165683.1029,385320.9619,SA1444
165683.1029,385320.9619,SA1445
165683.1029,385320.9619,SA1446
165683.1029,385320.9619,SA1447
165683.1029,385320.9619,SA1448
165683.1029,385320.9619,SA1449
165683.1029,385320.9619,SA1450
165663.2488,385345.6381,SA1451
165663.2488,385345.6381,SA1452
165663.2488,385345.6381,SA1453
165663.2488,385345.6381,SA1454
165663.2488,385345.6381,SA1455
165642.4189,385332.3291,SA1456
165643.5895,385300.8663,SA1457
165652.5993,385276.5582,SA1458
165652.5993,385276.5582,SA1459
165923.2183,385408.1221,SA1460
165923.2183,385408.1221,SA1461
165923.2183,385408.1221,SA1462
165923.2183,385408.1221,SA1463
165809.345,385384.0593,SA1464
165809.345,385384.0593,SA1465
165809.345,385384.0593,SA1466
165689.3251,385369.7464,SA1467
165661.3372,385262.8525,SA1468
165661.3372,385262.8525,SA1469
165747.3484,385264.0674,SA1470
165747.3484,385264.0674,SA1471
165747.3484,385264.0674,SA1472
165747.3484,385264.0674,SA1473
165647.3759,385214.1044,SA1474
165647.3759,385214.1044,SA1475
165696.236,385186.832,SA1476
165873.1545,385323.6017,SA1477
165859.3354,385370.4453,SA1478
165859.3354,385370.4453,SA1479
165859.3354,385370.4453,SA1480
165859.3354,385370.4453,SA1481
165853.5843,385382.3526,SA1482
165853.5843,385382.3526,SA1483
165853.5843,385382.3526,SA1484
165853.5843,385382.3526,SA1485
165853.5843,385382.3526,SA1486
165853.5843,385382.3526,SA1487
165848.1293,385393.6545,SA1488
165816.4126,385400.3668,SA1489
165832.735,385374.4701,SA1490
165821.8332,385361.0235,SA1491
165786.9269,385355.6945,SA1492
165786.9269,385355.6945,SA1493
165786.9269,385355.6945,SA1494
165793.1937,385336.3185,SA1495
165851.0306,385310.9337,SA1496
165851.0306,385310.9337,SA1497
165851.0306,385310.9337,SA1498
165851.0306,385310.9337,SA1499
165851.0306,385310.9337,SA1500
165851.0306,385310.9337,SA1501
165817.3516,385295.8385,SA1502
165804.4655,385309.0466,SA1503
165804.4655,385309.0466,SA1504
165804.4655,385309.0466,SA1505
165804.4655,385309.0466,SA1506
165838.7049,385331.787,SA1507
165838.7049,385331.787,SA1508
165838.7049,385331.787,SA1509
165838.7049,385331.787,SA1510
165838.7049,385331.787,SA1511
165838.7049,385331.787,SA1512
165838.7049,385331.787,SA1513
165838.7049,385331.787,SA1514
165838.7049,385331.787,SA1515
165838.7049,385331.787,SA1516
165838.7049,385331.787,SA1517
165765.7842,385311.4997,SA1518
165765.7842,385311.4997,SA1519
165765.7842,385311.4997,SA1520
165765.7842,385311.4997,SA1521
165736.1583,385294.4229,SA1522
165736.1583,385294.4229,SA1523
165947.3016,385360.052,SA1524
165947.3016,385360.052,SA1525
165932.9129,385382.6753,SA1526
165932.9129,385382.6753,SA1527
165861.7707,385250.3189,SA1528
165861.7707,385250.3189,SA1529
165834.869,385233.0122,SA1530
165829.2175,385251.229,SA1531
165829.2175,385251.229,SA1532
165829.2175,385251.229,SA1533
165800.7927,385223.6311,SA1534
165800.826,385211.3742,SA1535
165806.0946,385170.7578,SA1536
165809.2028,385158.4544,SA1537
165809.2028,385158.4544,SA1538
165809.2028,385158.4544,SA1539
165809.2028,385158.4544,SA1540
165809.2028,385158.4544,SA1541
165860.5517,385216.0245,SA1542
165860.5517,385216.0245,SA1543
165886.3371,385176.3131,SA1544
165886.3371,385176.3131,SA1545
165771.7389,385231.3511,SA1546
165771.7389,385231.3511,SA1547
165786.8946,385208.0923,SA1548
165786.8946,385208.0923,SA1549
165786.8946,385208.0923,SA1550
165786.8946,385208.0923,SA1551
165786.8946,385208.0923,SA1552
165786.8946,385208.0923,SA1553
165729.7362,385215.198,SA1554
165769.7104,385161.454,SA1555
165769.7104,385161.454,SA1556
165714.1527,385322.7311,SA1557
165714.1527,385322.7311,SA1558
165741.258,385353.5298,SA1559
165741.258,385353.5298,SA1560
165741.258,385353.5298,SA1561
165741.258,385353.5298,SA1562
165741.258,385353.5298,SA1563
165741.258,385353.5298,SA1564
165736.3708,385382.9279,SA1565
165736.3708,385382.9279,SA1566
165736.3708,385382.9279,SA1567
165767.3855,385365.838,SA1568
165767.3855,385365.838,SA1569
165767.3855,385365.838,SA1570
165752.0893,385393.9935,SA1571
165752.0893,385393.9935,SA1572
165752.0893,385393.9935,SA1573
165667.3866,385313.8273,SA1574
165667.3866,385313.8273,SA1575
165667.3866,385313.8273,SA1576
165667.3866,385313.8273,SA1577
165667.3866,385313.8273,SA1578
165647.998,385288.3658,SA1579
165721.8761,385379.0938,SA1580
165701.1465,385380.2481,SA1581
165701.1465,385380.2481,SA1582
165690.3216,385306.586,SA1583
165692.6679,385294.9899,SA1584
165692.4218,385268.6099,SA1585
165701.937,385255.9071,SA1586
165709.3545,385242.455,SA1587
165706.0463,385283.6563,SA1588
165726.1244,385249.7716,SA1589
166003.9345,385375.3679,SA1590
165934.2713,385355.3027,SA1591
165934.2713,385355.3027,SA1592
165934.2713,385355.3027,SA1593
165934.2713,385355.3027,SA1594
165934.2713,385355.3027,SA1595
165934.2713,385355.3027,SA1596
165934.2713,385355.3027,SA1597
165934.2713,385355.3027,SA1598
166092.8289,385155.4714,SA1599
166092.8289,385155.4714,SA1600
166066.0969,385159.659,SA1601
166066.0969,385159.659,SA1602
166066.0969,385159.659,SA1603
166066.0969,385159.659,SA1604
166066.0969,385159.659,SA1605
166036.943,385179.889,SA1606
166034.245,385160.4647,SA1607
166016.968,385159.9539,SA1608
166118.463,385163.3462,SA1609
165868.084,385352.722,SA1610
165868.084,385352.722,SA1611
165868.084,385352.722,SA1612
165868.084,385352.722,SA1613
165868.084,385352.722,SA1614
165736.1053,384910.7822,SA1615
165234.9759,384929.7979,SA1616
165207.7466,384942.766,SA1617
165226.1498,384950.722,SA1618
165238.3423,384946.7308,SA1619
165223.2808,384961.7878,SA1620
165242.3588,384975.4171,SA1621
165242.8954,384962.7673,SA1622
165242.8954,384962.7673,SA1623
165242.8954,384962.7673,SA1624
165242.8954,384962.7673,SA1625
165233.9061,384988.8393,SA1626
165233.9061,384988.8393,SA1627
165233.9061,384988.8393,SA1628
165264.1884,384971.6741,SA1629
165264.1884,384971.6741,SA1630
165133.3142,384966.3588,SA1631
165097.6358,385037.7069,SA1632
165106.2993,385063.4929,SA1633
165140.5043,385041.9885,SA1634
165140.5043,385041.9885,SA1635
165140.5043,385041.9885,SA1636
165140.5043,385041.9885,SA1637
165159.3074,385030.2475,SA1638
165159.3074,385030.2475,SA1639
165159.3074,385030.2475,SA1640
165159.3074,385030.2475,SA1641
165200.9373,385102.2012,SA1642
165211.5341,385071.4645,SA1643
165118.6173,385073.9398,SA1644
165136.9776,385012.3038,SA1645
165172.897,385031.3247,SA1646
165181.0221,385065.0731,SA1647
165186.6592,385035.1773,SA1648
165186.6592,385035.1773,SA1649
165186.6592,385035.1773,SA1650
165186.6592,385035.1773,SA1651
165165.7022,385087.1226,SA1652
165165.7022,385087.1226,SA1653
165165.7022,385087.1226,SA1654
165165.7022,385087.1226,SA1655
165165.7022,385087.1226,SA1656
165165.7022,385087.1226,SA1657
165165.7022,385087.1226,SA1658
165235.5213,385092.7945,SA1659
165247.9614,385099.0195,SA1660
165255.4511,385072.7132,SA1661
165270.4133,385049.9229,SA1662
165270.4133,385049.9229,SA1663
165270.4133,385049.9229,SA1664
165227.0234,385051.6346,SA1665
165227.0234,385051.6346,SA1666
165273.0827,384931.0516,SA1667
165157.7346,385015.5597,SA1668
165111.9763,385051.2815,SA1669
165159.8014,384938.4356,SA1670
165159.8014,384938.4356,SA1671
165159.8014,384938.4356,SA1672
165159.8014,384938.4356,SA1673
165091.3014,385049.0368,SA1674
165136.3022,384986.112,SA1675
165136.3022,384986.112,SA1676
165192.191,385024.2709,SA1677
165192.191,385024.2709,SA1678
165166.1816,385048.6946,SA1679
165184.2792,385053.3565,SA1680
165184.2792,385053.3565,SA1681
165184.2792,385053.3565,SA1682
165218.2039,385111.3664,SA1683
165223.8561,385078.7688,SA1684
165223.8561,385078.7688,SA1685
165223.8561,385078.7688,SA1686
165249.3389,385019.9422,SA1687
165266.7289,385059.1938,SA1688
165266.7289,385059.1938,SA1689
165249.3237,385086.3517,SA1690
165249.3237,385086.3517,SA1691
165249.3237,385086.3517,SA1692
165249.3237,385086.3517,SA1693
165249.3237,385086.3517,SA1694
165249.3237,385086.3517,SA1695
165568.5486,384946.5188,SA1696
165568.5486,384946.5188,SA1697
165568.539,384979.6926,SA1698
165568.539,384979.6926,SA1699
165568.539,384979.6926,SA1700
165354.3963,385018.4957,SA1701
165354.3963,385018.4957,SA1702
165354.3963,385018.4957,SA1703
165371.2125,385000.5493,SA1704
165371.2125,385000.5493,SA1705
165351.7084,384936.1017,SA1706
165351.7084,384936.1017,SA1707
165351.7084,384936.1017,SA1708
165351.7084,384936.1017,SA1709
165192.191,385024.2709,SA1710
165286.0889,384930.9873,SA1711
165286.0889,384930.9873,SA1712
165286.0889,384930.9873,SA1713
165263.6891,384876.979,SA1714
165494.068,384993.0861,SA1715
165454.2782,384946.1959,SA1716
165468.691,384947.642,SA1717
165468.691,384947.642,SA1718
165495.5317,384975.9392,SA1719
165506.2237,384992.5361,SA1720
165494.8948,385017.0514,SA1721
165495.7435,385032.7238,SA1722
165495.4524,385048.8697,SA1723
165495.4524,385048.8697,SA1724
165495.4524,385048.8697,SA1725
165502.4876,385062.4033,SA1726
165499.6541,385116.2043,SA1727
165258.0097,385127.6365,SA1728
165320.1764,385135.6704,SA1729
165330.4675,385115.1696,SA1730
165330.4675,385115.1696,SA1731
165330.4675,385115.1696,SA1732
165330.4675,385115.1696,SA1733
165334.5916,385103.4802,SA1734
165320.7071,385097.7583,SA1735
165320.7071,385097.7583,SA1736
165320.7071,385097.7583,SA1737
165320.7071,385097.7583,SA1738
165346.8218,385082.8295,SA1739
165346.8218,385082.8295,SA1740
165346.8218,385082.8295,SA1741
165347.7609,385066.9969,SA1742
165347.7609,385066.9969,SA1743
165339.1625,385060.0636,SA1744
165339.1625,385060.0636,SA1745
165331.026,385079.4105,SA1746
165424.9213,385070.3626,SA1747
165424.9213,385070.3626,SA1748
165293.5678,385121.1959,SA1749
165361.0331,385132.1822,SA1750
165366.3187,385123.6666,SA1751
165377.2504,385103.3819,SA1752
165356.9591,385057.1481,SA1753
165356.9591,385057.1481,SA1754
165356.9591,385057.1481,SA1755
165398.5906,385065.0089,SA1756
165307.6651,385124.2212,SA1757
165307.6651,385124.2212,SA1758
165373.7979,385114.022,SA1759
165373.7979,385114.022,SA1760
165399.5671,385091.019,SA1761
165399.5671,385091.019,SA1762
165410.299,385095.9873,SA1763
165410.299,385095.9873,SA1764
165423.1077,385101.5642,SA1765
165423.1077,385101.5642,SA1766
165414.1937,385111.8023,SA1767
165414.1937,385111.8023,SA1768
165414.1937,385111.8023,SA1769
165440.6752,385073.317,SA1770
165369.7099,384948.4139,SA1771
165368.4698,384959.3429,SA1772
165353.102,384956.7856,SA1773
165353.102,384956.7856,SA1774
165353.102,384956.7856,SA1775
165280.6471,384974.2257,SA1776
165280.6471,384974.2257,SA1777
165274.3748,385004.7545,SA1778
165375.4331,385017.3679,SA1779
165356.7628,384997.5336,SA1780
165356.7628,384997.5336,SA1781
165356.7628,384997.5336,SA1782
165365.9016,384977.2779,SA1783
165365.9016,384977.2779,SA1784
165365.9016,384977.2779,SA1785
165365.9016,384977.2779,SA1786
165365.9016,384977.2779,SA1787
165365.9016,384977.2779,SA1788
165365.9016,384977.2779,SA1789
165365.9016,384977.2779,SA1790
165365.9016,384977.2779,SA1791
165366.5004,384931.017,SA1792
165366.5004,384931.017,SA1793
165356.7328,384908.4206,SA1794
165356.7328,384908.4206,SA1795
165312.694,384925.0589,SA1796
165312.694,384925.0589,SA1797
165312.694,384925.0589,SA1798
165312.694,384925.0589,SA1799
165284.1605,385027.11,SA1800
165278.1552,384909.5509,SA1801
165308.2707,384902.1678,SA1802
165339.6724,384890.0235,SA1803
165355.12,384874.4693,SA1804
165414.5802,384888.1277,SA1805
165424.3956,384971.8083,SA1806
165410.9312,385014.58,SA1807
165423.3115,385035.1228,SA1808
165453.783,385021.4116,SA1809
165453.783,385021.4116,SA1810
165460.0205,384992.2838,SA1811
165453.9344,384958.5422,SA1812
165488.4143,384953.614,SA1813
165507.4386,384948.6625,SA1814
165518.8562,384949.5759,SA1815
165518.8562,384949.5759,SA1816
165518.8562,384949.5759,SA1817
165518.8562,384949.5759,SA1818
165532.3762,384944.1294,SA1819
165532.3762,384944.1294,SA1820
165534.6284,384954.7659,SA1821
165534.6284,384954.7659,SA1822
165532.7296,384962.8726,SA1823
165532.7296,384962.8726,SA1824
165516.1597,384969.432,SA1825
165531.8491,384972.9886,SA1826
165531.8491,384972.9886,SA1827
165521.5637,384997.4664,SA1828
165472.1418,385084.5198,SA1829
165512.7524,385063.6002,SA1830
165530.9397,385051.0615,SA1831
165524.1129,385034.3774,SA1832
165524.1129,385034.3774,SA1833
165511.804,385034.8776,SA1834
165522.0589,385012.8353,SA1835
165538.7449,385004.7134,SA1836
165534.8555,384986.5912,SA1837
165584.1894,384944.6686,SA1838
165584.1894,384944.6686,SA1839
165597.4548,384943.3003,SA1840
165597.4548,384943.3003,SA1841
165611.3484,384934.8561,SA1842
165597.3643,384963.7907,SA1843
165612.4655,384948.1094,SA1844
165612.4655,384948.1094,SA1845
165612.0294,384961.1713,SA1846
165608.9208,384988.3872,SA1847
165590.8119,385007.427,SA1848
165601.0151,385007.8545,SA1849
165601.0151,385007.8545,SA1850
165601.0151,385007.8545,SA1851
165605.1192,385046.0776,SA1852
166139.6377,385365.9046,SA1853
165329.4495,384918.1067,SA1854
165329.4495,384918.1067,SA1855
165417.566,384935.698,SA1856
165421.6351,384982.7508,SA1857
165322.2558,384897.923,SA1858
165322.2558,384897.923,SA1859
165322.2558,384897.923,SA1860
165372.7535,384887.0342,SA1861
165372.7535,384887.0342,SA1862
165372.7535,384887.0342,SA1863
165416.7412,384912.8323,SA1864
165416.7412,384912.8323,SA1865
165417.5824,384993.6571,SA1866
165417.5824,384993.6571,SA1867
165417.5824,384993.6571,SA1868
165417.5824,384993.6571,SA1869
165423.2247,385017.112,SA1870
165423.2247,385017.112,SA1871
165527.6566,385068.1247,SA1872
165510.8636,385050.8841,SA1873
165539.5967,385034.9316,SA1874
165536.668,385015.3627,SA1875
165572.2048,385093.2685,SA1876
165572.2048,385093.2685,SA1877
165563.0913,385121.2586,SA1878
165563.0913,385121.2586,SA1879
165563.0913,385121.2586,SA1880
165542.4059,385121.6106,SA1881
165570.7729,384990.1523,SA1882
165570.7729,384990.1523,SA1883
165576.8781,385010.1527,SA1884
165576.8781,385010.1527,SA1885
165612.1322,384976.0983,SA1886
165614.752,385001.9125,SA1887
165282.7637,384959.1338,SA1888
165578.7238,385049.7515,SA1889
165539.344,385064.5264,SA1890
165527.3074,385061.9304,SA1891
165527.3074,385061.9304,SA1892
165520.4253,385064.225,SA1893
165604.6725,385065.8025,SA1894
165618.5433,385074.272,SA1895
165462.663,385109.7263,SA1896
165462.663,385109.7263,SA1897
165515.7841,385098.183,SA1898
165515.7841,385098.183,SA1899
165479.1452,385137.3373,SA1900
165479.1452,385137.3373,SA1901
165477.6476,385111.0914,SA1902
165563.0913,385121.2586,SA1903
165551.4052,385113.195,SA1904
165565.9936,385103.8242,SA1905
165611.1004,385095.9182,SA1906
165584.1636,385131.5946,SA1907
165584.1636,385131.5946,SA1908
165845.3696,384876.5346,SA1909
165845.3696,384876.5346,SA1910
165845.3696,384876.5346,SA1911
165845.3696,384876.5346,SA1912
165845.3696,384876.5346,SA1913
165845.3696,384876.5346,SA1914
165845.3696,384876.5346,SA1915
165903.6393,385056.4978,SA1916
165903.6393,385056.4978,SA1917
165864.5398,385058.1413,SA1918
165864.5398,385058.1413,SA1919
165864.5398,385058.1413,SA1920
165864.5398,385058.1413,SA1921
165864.5398,385058.1413,SA1922
165864.5398,385058.1413,SA1923
165842.5093,385117.9682,SA1924
165842.5093,385117.9682,SA1925
165842.5093,385117.9682,SA1926
165777.7061,384933.1129,SA1927
165813.0868,384898.4342,SA1928
165813.0868,384898.4342,SA1929
165813.0868,384898.4342,SA1930
165894.4999,385134.9961,SA1931
165895.7913,385115.3758,SA1932
165895.7913,385115.3758,SA1933
165897.5499,385091.5341,SA1934
165897.5499,385091.5341,SA1935
165892.2046,385032.7448,SA1936
165892.2046,385032.7448,SA1937
165859.4062,385095.623,SA1938
165859.4062,385095.623,SA1939
165868.5155,385112.7328,SA1940
165868.5155,385112.7328,SA1941
165637.2831,385030.6512,SA1942
165758.0849,384879.2749,SA1943
165758.0849,384879.2749,SA1944
165768.1182,384892.372,SA1945
165768.1182,384892.372,SA1946
165768.1182,384892.372,SA1947
165768.1182,384892.372,SA1948
165730.1973,384935.0118,SA1949
165885.9834,384889.9729,SA1950
165885.9834,384889.9729,SA1951
165885.9834,384889.9729,SA1952
165885.9834,384889.9729,SA1953
165864.3303,385066.4869,SA1954
165895.2135,385073.78,SA1955
165860.382,385122.5053,SA1956
165701.3365,384961.9415,SA1957
165717.7001,384952.0124,SA1958
165703.0326,384900.9326,SA1959
165703.0326,384900.9326,SA1960
165940.3066,384894.3356,SA1961
165940.3066,384894.3356,SA1962
165940.3066,384894.3356,SA1963
165939.6586,385122.2615,SA1964
165939.6586,385122.2615,SA1965
165935.6582,385135.7151,SA1966
165935.6582,385135.7151,SA1967
165890.9547,385101.8667,SA1968
165902.2175,385045.115,SA1969
165872.9102,385052.3478,SA1970
165872.9102,385052.3478,SA1971
165854.6278,385007.757,SA1972
165854.6278,385007.757,SA1973
165854.6278,385007.757,SA1974
165854.6278,385007.757,SA1975
165740.5288,384920.1205,SA1976
165857.5661,384901.6256,SA1977
165857.5661,384901.6256,SA1978
165913.9847,384855.5969,SA1979
165742.3826,384948.8501,SA1980
165742.3826,384948.8501,SA1981
165742.3826,384948.8501,SA1982
166077.7766,385115.4135,SA1983
166077.7766,385115.4135,SA1984
166077.7766,385115.4135,SA1985
166077.7766,385115.4135,SA1986
166064.0891,385117.0129,SA1987
166086.3047,385094.6601,SA1988
166097.8468,385106.205,SA1989
166098.0696,385111.9102,SA1990
166038.5873,385099.2627,SA1991
166038.5873,385099.2627,SA1992
166038.5873,385099.2627,SA1993
166038.5873,385099.2627,SA1994
166038.5873,385099.2627,SA1995
166038.5873,385099.2627,SA1996
166045.1204,385135.3995,SA1997
166033.1106,385138.3185,SA1998
166033.1106,385138.3185,SA1999
166033.1106,385138.3185,SA2000
166033.1106,385138.3185,SA2001
166033.1106,385138.3185,SA2002
166033.1106,385138.3185,SA2003
166013.2354,385134.1211,SA2004
166013.2354,385134.1211,SA2005
166013.2354,385134.1211,SA2006
166013.2354,385134.1211,SA2007
166013.2354,385134.1211,SA2008
166013.2354,385134.1211,SA2009
165998.1291,385120.8443,SA2010
166019.4433,385099.4694,SA2011
166000.9975,385103.9785,SA2012
166000.9975,385103.9785,SA2013
166000.9975,385103.9785,SA2014
166107.2746,385052.6607,SA2015
166102.4028,385034.4713,SA2016
166102.526,385008.9517,SA2017
166102.8737,384992.7732,SA2018
166100.0148,384973.3447,SA2019
166094.2718,384961.781,SA2020
166098.1866,384942.3012,SA2021
166098.1866,384942.3012,SA2022
166098.1866,384942.3012,SA2023
166097.3835,384924.2101,SA2024
166097.3835,384924.2101,SA2025
166097.3835,384924.2101,SA2026
166097.3835,384924.2101,SA2027
166097.3835,384924.2101,SA2028
166097.3835,384924.2101,SA2029
166091.6382,384902.4573,SA2030
166081.2146,384927.1231,SA2031
166081.2146,384927.1231,SA2032
166081.2146,384927.1231,SA2033
166081.2146,384927.1231,SA2034
166056.3661,384925.8128,SA2035
165949.3065,385102.4135,SA2036
165938.1421,385070.06,SA2037
165940.1642,385055.4662,SA2038
165955.4451,385053.5335,SA2039
165934.4807,385015.1793,SA2040
165928.8569,384970.6378,SA2041
165923.9659,384952.1196,SA2042
165884.9328,384968.076,SA2043
165893.584,384993.2877,SA2044
165952.1394,384990.179,SA2045
165933.652,384927.685,SA2046
165951.463,384926.8234,SA2047
165962.8214,384990.6497,SA2048
165974.4775,385066.8569,SA2049
166011.2275,385062.7967,SA2050
166088.1618,385010.0703,SA2051
166077.7455,384990.4079,SA2052
166060.5539,384996.0092,SA2053
166055.5872,384986.9519,SA2054
166059.3844,384979.6296,SA2055
166074.6781,384970.1221,SA2056
166018.9326,384975.0506,SA2057
166004.0481,384976.9778,SA2058
166010.1538,384999.9133,SA2059
166010.1538,384999.9133,SA2060
166020.9922,385019.3494,SA2061
165995.6867,385022.5021,SA2062
166037.8204,385058.1103,SA2063
166037.8204,385058.1103,SA2064
166030.8839,384949.9957,SA2065
166062.7618,384947.1917,SA2066
166062.7618,384947.1917,SA2067
166062.7618,384947.1917,SA2068
166062.7618,384947.1917,SA2069
166058.0614,384914.4327,SA2070
166058.0614,384914.4327,SA2071
166058.0614,384914.4327,SA2072
165996.2084,384915.8808,SA2073
165996.2084,384915.8808,SA2074
165996.2084,384915.8808,SA2075
165996.2084,384915.8808,SA2076
166012.7386,384956.328,SA2077
165990.0508,384879.6196,SA2078
165990.0508,384879.6196,SA2079
166041.1382,384879.2056,SA2080
166041.1382,384879.2056,SA2081
166041.1382,384879.2056,SA2082
166120.6315,385130.1984,SA2083
166120.6315,385130.1984,SA2084
166120.6315,385130.1984,SA2085
166120.6315,385130.1984,SA2086
166120.6315,385130.1984,SA2087
166120.6315,385130.1984,SA2088
165889.5023,384983.3917,SA2089
165891.7557,385010.6311,SA2090
165891.7557,385010.6311,SA2091
165891.7557,385010.6311,SA2092
165891.7557,385010.6311,SA2093
165891.7557,385010.6311,SA2094
165891.7557,385010.6311,SA2095
165891.7557,385010.6311,SA2096
165891.7557,385010.6311,SA2097
165941.9921,384968.7927,SA2098
165941.9921,384968.7927,SA2099
165941.9921,384968.7927,SA2100
165941.9921,384968.7927,SA2101
165941.9921,384968.7927,SA2102
165962.4913,384948.4502,SA2103
165962.4913,384948.4502,SA2104
165962.4913,384948.4502,SA2105
165962.4913,384948.4502,SA2106
165962.4913,384948.4502,SA2107
166063.4859,385036.6412,SA2108
166063.4859,385036.6412,SA2109
166063.4859,385036.6412,SA2110
166063.4859,385036.6412,SA2111
166063.4859,385036.6412,SA2112
166063.4859,385036.6412,SA2113
166038.6242,385019.4023,SA2114
166030.8193,384999.761,SA2115
166030.8193,384999.761,SA2116
166029.6778,384960.0206,SA2117
166029.6778,384960.0206,SA2118
166029.6778,384960.0206,SA2119
166067.0631,384863.0421,SA2120
166067.0631,384863.0421,SA2121
166067.0631,384863.0421,SA2122
166067.0631,384863.0421,SA2123
166067.0631,384863.0421,SA2124
166067.0631,384863.0421,SA2125
166056.6671,384936.3941,SA2126
166027.8427,384930.082,SA2127
166027.8427,384930.082,SA2128
166038.9687,384854.8742,SA2129
166034.5055,384843.1035,SA2130
166034.5055,384843.1035,SA2131
166034.5055,384843.1035,SA2132
166034.5055,384843.1035,SA2133
165993.7535,385009.4161,SA2134
165843.4569,384951.9324,SA2135
165858.4108,384946.769,SA2136
165858.4108,384946.769,SA2137
165858.4108,384946.769,SA2138
165819.5469,384930.436,SA2139
165819.5469,384930.436,SA2140
165819.5469,384930.436,SA2141
165819.5469,384930.436,SA2142
165930.5359,384882.1023,SA2143
165930.5359,384882.1023,SA2144
165742.2448,384886.2753,SA2145
165917.4661,384754.4612,SA2146
165357.7783,385071.3776,SA2147
165382.7213,384839.79,SA2148
165382.7213,384839.79,SA2149
165382.7213,384839.79,SA2150
165382.7213,384839.79,SA2151
165408.5313,384865.3491,SA2152
165408.5313,384865.3491,SA2153
165408.5313,384865.3491,SA2154
165408.5313,384865.3491,SA2155
165408.5313,384865.3491,SA2156
165408.5313,384865.3491,SA2157
165408.5313,384865.3491,SA2158
165408.5313,384865.3491,SA2159
165486.3874,384793.7313,SA2160
165486.3874,384793.7313,SA2161
165560.6415,384773.4399,SA2162
165572.8975,384752.1713,SA2163
165572.8975,384752.1713,SA2164
165572.8975,384752.1713,SA2165
165572.8975,384752.1713,SA2166
165574.5835,384740.7779,SA2167
165574.5835,384740.7779,SA2168
165542.3215,384759.2337,SA2169
165542.3215,384759.2337,SA2170
165542.3215,384759.2337,SA2171
165622.8902,384707.5622,SA2172
165392.4734,384862.9355,SA2173
165469.7452,384800.4233,SA2174
165469.7452,384800.4233,SA2175
165578.7761,384766.0512,SA2176
165578.7761,384766.0512,SA2177
165578.7761,384766.0512,SA2178
165587.9974,384759.4934,SA2179
165587.9974,384759.4934,SA2180
165587.9974,384759.4934,SA2181
165529.1623,384772.2159,SA2182
165529.1623,384772.2159,SA2183
165976.2293,384696.668,SA2184
165902.1873,384726.9086,SA2185
165902.1873,384726.9086,SA2186
165902.1873,384726.9086,SA2187
165902.1873,384726.9086,SA2188
165902.1873,384726.9086,SA2189
165902.1873,384726.9086,SA2190
165902.1873,384726.9086,SA2191
165900.9309,384704.5397,SA2192
165893.2633,384686.7277,SA2193
165893.2633,384686.7277,SA2194
165893.2633,384686.7277,SA2195
165918.1084,384652.4158,SA2196
165918.1084,384652.4158,SA2197
165918.1084,384652.4158,SA2198
165918.1084,384652.4158,SA2199
165918.1084,384652.4158,SA2200
165918.1084,384652.4158,SA2201
165918.1084,384652.4158,SA2202
165918.1084,384652.4158,SA2203
165918.1084,384652.4158,SA2204
165918.1084,384652.4158,SA2205
165918.1084,384652.4158,SA2206
165918.1084,384652.4158,SA2207
165918.1084,384652.4158,SA2208
165918.1084,384652.4158,SA2209
165918.1084,384652.4158,SA2210
165918.1084,384652.4158,SA2211
165918.1084,384652.4158,SA2212
165809.0963,384692.5299,SA2213
165809.0963,384692.5299,SA2214
165809.0963,384692.5299,SA2215
165809.0963,384692.5299,SA2216
165809.0963,384692.5299,SA2217
165809.0963,384692.5299,SA2218
165809.0963,384692.5299,SA2219
165809.0963,384692.5299,SA2220
165822.7326,384718.1319,SA2221
165822.7326,384718.1319,SA2222
165822.7326,384718.1319,SA2223
165827.9699,384746.9973,SA2224
165827.9699,384746.9973,SA2225
165827.9699,384746.9973,SA2226
165827.9699,384746.9973,SA2227
165827.9699,384746.9973,SA2228
165873.7672,384737.4706,SA2229
165873.7672,384737.4706,SA2230
165873.7672,384737.4706,SA2231
165873.7672,384737.4706,SA2232
165882.0301,384759.5542,SA2233
165882.0301,384759.5542,SA2234
165931.2754,384652.1987,SA2235
165931.2754,384652.1987,SA2236
165931.2754,384652.1987,SA2237
165921.8427,384811.2134,SA2238
165910.7828,384837.3101,SA2239
165873.9565,384850.7958,SA2240
165873.9565,384850.7958,SA2241
165873.9565,384850.7958,SA2242
165873.9565,384850.7958,SA2243
165927.2721,384849.9125,SA2244
165836.639,384846.0204,SA2245
165836.639,384846.0204,SA2246
165836.639,384846.0204,SA2247
165836.639,384846.0204,SA2248
165836.639,384846.0204,SA2249
165836.639,384846.0204,SA2250
165836.0281,384864.6054,SA2251
165836.0281,384864.6054,SA2252
165836.0281,384864.6054,SA2253
165777.413,384805.4796,SA2254
165777.413,384805.4796,SA2255
165777.413,384805.4796,SA2256
165777.413,384805.4796,SA2257
165768.4627,384787.1508,SA2258
165768.4627,384787.1508,SA2259
165768.4627,384787.1508,SA2260
165753.9636,384791.9864,SA2261
165753.9636,384791.9864,SA2262
165753.9636,384791.9864,SA2263
165753.9636,384791.9864,SA2264
165753.9636,384791.9864,SA2265
165753.9636,384791.9864,SA2266
165760.7451,384808.1616,SA2267
165750.6837,384814.7024,SA2268
165750.6837,384814.7024,SA2269
165750.6837,384814.7024,SA2270
165736.4172,384823.6556,SA2271
165736.4172,384823.6556,SA2272
165736.4172,384823.6556,SA2273
165736.4172,384823.6556,SA2274
165709.557,384758.6645,SA2275
165709.557,384758.6645,SA2276
165709.557,384758.6645,SA2277
165709.557,384758.6645,SA2278
165709.557,384758.6645,SA2279
165736.9308,384748.8836,SA2280
165736.9308,384748.8836,SA2281
165736.9308,384748.8836,SA2282
165736.9308,384748.8836,SA2283
165749.029,384740.9939,SA2284
165749.029,384740.9939,SA2285
165749.029,384740.9939,SA2286
165753.495,384750.7169,SA2287
165718.1535,384693.401,SA2288
165718.1535,384693.401,SA2289
165718.1535,384693.401,SA2290
165704.0119,384673.4173,SA2291
165707.6319,384855.1654,SA2292
165707.6319,384855.1654,SA2293
165707.6319,384855.1654,SA2294
165697.9087,384859.7787,SA2295
165697.9087,384859.7787,SA2296
165697.9087,384859.7787,SA2297
165697.9087,384859.7787,SA2298
165697.9087,384859.7787,SA2299
165655.3912,384828.0323,SA2300
165655.3912,384828.0323,SA2301
165647.8619,384792.4017,SA2302
165678.153,384768.4668,SA2303
165678.153,384768.4668,SA2304
165868.0501,384634.4756,SA2305
165949.3857,384735.9139,SA2306
165949.3857,384735.9139,SA2307
165949.3857,384735.9139,SA2308
165949.3857,384735.9139,SA2309
165940.0344,384711.6193,SA2310
165940.0344,384711.6193,SA2311
165940.0344,384711.6193,SA2312
165934.5442,384690.2842,SA2313
165934.5442,384690.2842,SA2314
165936.6393,384668.8181,SA2315
165936.6393,384668.8181,SA2316
165936.6393,384668.8181,SA2317
165962.2062,384728.9328,SA2318
165962.2062,384728.9328,SA2319
165962.2062,384728.9328,SA2320
165962.2062,384728.9328,SA2321
165962.2062,384728.9328,SA2322
165962.2062,384728.9328,SA2323
165960.6869,384703.4112,SA2324
165960.6869,384703.4112,SA2325
165960.6869,384703.4112,SA2326
165960.6869,384703.4112,SA2327
165956.0062,384686.5602,SA2328
165956.0062,384686.5602,SA2329
165956.0062,384686.5602,SA2330
165954.2593,384708.8705,SA2331
165963.6205,384670.8862,SA2332
165963.6205,384670.8862,SA2333
165963.6205,384670.8862,SA2334
165963.6205,384670.8862,SA2335
165963.0228,384657.794,SA2336
165963.0228,384657.794,SA2337
165963.0228,384657.794,SA2338
165951.8382,384645.078,SA2339
165951.8382,384645.078,SA2340
165952.7304,384806.6987,SA2341
165952.7304,384806.6987,SA2342
165952.7304,384806.6987,SA2343
165952.7304,384806.6987,SA2344
165952.7304,384806.6987,SA2345
165943.2849,384848.0074,SA2346
165943.2849,384848.0074,SA2347
165943.2849,384848.0074,SA2348
165943.2849,384848.0074,SA2349
165878.9297,384864.3397,SA2350
165878.9297,384864.3397,SA2351
165878.9297,384864.3397,SA2352
165878.9297,384864.3397,SA2353
165878.9297,384864.3397,SA2354
165878.9297,384864.3397,SA2355
165840.4969,384801.3507,SA2356
165840.4969,384801.3507,SA2357
165840.4969,384801.3507,SA2358
165840.4969,384801.3507,SA2359
165840.4969,384801.3507,SA2360
165840.4969,384801.3507,SA2361
165816.5922,384803.5184,SA2362
165800.8656,384787.3171,SA2363
165800.8656,384787.3171,SA2364
165805.8117,384771.4521,SA2365
165805.8117,384771.4521,SA2366
165780.0123,384732.9436,SA2367
165780.0123,384732.9436,SA2368
165772.0594,384711.0168,SA2369
165772.0594,384711.0168,SA2370
165765.5084,384665.0533,SA2371
165787.3254,384705.8504,SA2372
165787.3254,384705.8504,SA2373
165746.9696,384670.0925,SA2374
165746.9696,384670.0925,SA2375
165746.9696,384670.0925,SA2376
165657.8298,384723.1288,SA2377
165657.8298,384723.1288,SA2378
165657.8298,384723.1288,SA2379
165657.8298,384723.1288,SA2380
165646.1796,384731.2135,SA2381
165646.1796,384731.2135,SA2382
165672.0643,384825.8856,SA2383
165672.0643,384825.8856,SA2384
165672.0643,384825.8856,SA2385
165682.9032,384818.9001,SA2386
165682.9032,384818.9001,SA2387
165674.5376,384798.3478,SA2388
165689.0556,384794.6463,SA2389
165689.0556,384794.6463,SA2390
165695.5418,384811.6914,SA2391
165695.5418,384811.6914,SA2392
165918.5013,384600.7929,SA2393
165922.6748,384764.5323,SA2394
165922.6748,384764.5323,SA2395
165914.4222,384744.0604,SA2396
165914.4222,384744.0604,SA2397
165886.7045,384711.768,SA2398
165886.7045,384711.768,SA2399
165886.7045,384711.768,SA2400
165879.1693,384691.9249,SA2401
165879.1693,384691.9249,SA2402
165843.2927,384684.8963,SA2403
165855.9717,384680.0363,SA2404
165809.178,384704.9625,SA2405
165829.2801,384733.9153,SA2406
165829.2801,384733.9153,SA2407
165829.2801,384733.9153,SA2408
165829.2801,384733.9153,SA2409
165829.2801,384733.9153,SA2410
165829.2801,384733.9153,SA2411
165842.7031,384780.2441,SA2412
165842.7031,384780.2441,SA2413
165842.7031,384780.2441,SA2414
165842.7031,384780.2441,SA2415
165854.3232,384792.3628,SA2416
165854.3232,384792.3628,SA2417
165935.9705,384806.5916,SA2418
165935.9705,384806.5916,SA2419
165935.9705,384806.5916,SA2420
165903.1237,384821.7428,SA2421
165903.1237,384821.7428,SA2422
165903.1237,384821.7428,SA2423
165917.382,384863.2158,SA2424
165865.6473,384835.8885,SA2425
165865.6473,384835.8885,SA2426
165865.6473,384835.8885,SA2427
165798.5732,384864.2206,SA2428
165798.5732,384864.2206,SA2429
165798.5732,384864.2206,SA2430
165798.5732,384864.2206,SA2431
165798.5732,384864.2206,SA2432
165798.5732,384864.2206,SA2433
165772.2427,384872.772,SA2434
165772.2427,384872.772,SA2435
165772.2427,384872.772,SA2436
165768.8798,384829.3891,SA2437
165782.3657,384821.7827,SA2438
165782.3657,384821.7827,SA2439
165782.3657,384821.7827,SA2440
165782.3657,384821.7827,SA2441
165782.3657,384821.7827,SA2442
165754.1005,384762.0234,SA2443
165754.1005,384762.0234,SA2444
165754.1005,384762.0234,SA2445
165742.8848,384794.0696,SA2446
165742.8848,384794.0696,SA2447
165726.6728,384801.728,SA2448
165709.5616,384740.9985,SA2449
165709.5616,384740.9985,SA2450
165740.0898,384727.8262,SA2451
165738.4061,384717.2467,SA2452
165738.4061,384717.2467,SA2453
165731.9238,384688.9021,SA2454
165731.9238,384688.9021,SA2455
165731.9238,384688.9021,SA2456
165731.9238,384688.9021,SA2457
165671.1464,384713.6249,SA2458
165671.1464,384713.6249,SA2459
165694.363,384835.208,SA2460
165664.6324,384847.2228,SA2461
165664.6324,384847.2228,SA2462
165654.0235,384812.5376,SA2463
165676.4333,384782.4745,SA2464
165676.4333,384782.4745,SA2465
165676.4333,384782.4745,SA2466
165702.2817,384818.4034,SA2467
166067.8738,384792.2319,SA2468
166067.8738,384792.2319,SA2469
166067.8738,384792.2319,SA2470
166067.8738,384792.2319,SA2471
166033.1215,384737.12,SA2472
166008.8097,384681.9095,SA2473
166008.8097,384681.9095,SA2474
165990.1181,384644.0005,SA2475
166007.2109,384638.2001,SA2476
166007.2109,384638.2001,SA2477
166007.2109,384638.2001,SA2478
166007.2109,384638.2001,SA2479
166013.3708,384655.2564,SA2480
166034.7744,384642.6858,SA2481
166041.3689,384650.4651,SA2482
166029.1687,384656.9995,SA2483
166029.1687,384656.9995,SA2484
166049.3075,384703.0773,SA2485
166049.3075,384703.0773,SA2486
166062.1318,384711.5685,SA2487
166062.1318,384711.5685,SA2488
166062.1318,384711.5685,SA2489
165801.4456,384883.0305,SA2490
165821.1634,384917.9171,SA2491
165922.9247,384874.5224,SA2492
165922.9247,384874.5224,SA2493
165922.9247,384874.5224,SA2494
165997.0542,384734.7156,SA2495
165997.0542,384734.7156,SA2496
166028.613,384782.3222,SA2497
166028.613,384782.3222,SA2498
165979.7492,384841.7725,SA2499
165979.7492,384841.7725,SA2500
165979.7492,384841.7725,SA2501
166025.2932,384821.4332,SA2502
166025.2932,384821.4332,SA2503
166042.4126,384819.5308,SA2504
166042.4126,384819.5308,SA2505
166071.985,384838.8644,SA2506
166071.985,384838.8644,SA2507
166071.985,384838.8644,SA2508
166071.985,384838.8644,SA2509
166071.985,384838.8644,SA2510
166071.985,384838.8644,SA2511
166071.985,384838.8644,SA2512
166071.985,384838.8644,SA2513
166065.4822,384777.3581,SA2514
166065.4822,384777.3581,SA2515
166065.4822,384777.3581,SA2516
166065.4822,384777.3581,SA2517
166065.4822,384777.3581,SA2518
166065.4822,384777.3581,SA2519
166065.4822,384777.3581,SA2520
166065.4822,384777.3581,SA2521
166065.4822,384777.3581,SA2522
166065.4822,384777.3581,SA2523
166023.6753,384679.8599,SA2524
166023.6753,384679.8599,SA2525
166002.3869,384621.6839,SA2526
166022.3082,384612.254,SA2527
166092.6126,384701.7706,SA2528
166092.6126,384701.7706,SA2529
165980.0646,384741.6628,SA2530
165987.5174,384808.1861,SA2531
166036.2277,384674.8198,SA2532
165963.3908,384584.8908,SA2533
165963.3908,384584.8908,SA2534
165963.3908,384584.8908,SA2535
165969.9203,384604.7305,SA2536
165969.9203,384604.7305,SA2537
165969.9203,384604.7305,SA2538
165956.6363,384611.2139,SA2539
165956.6363,384611.2139,SA2540
165956.6363,384611.2139,SA2541
165956.6363,384611.2139,SA2542
165956.6363,384611.2139,SA2543
165956.6363,384611.2139,SA2544
165950.2518,384590.721,SA2545
165950.2518,384590.721,SA2546
165950.2518,384590.721,SA2547
165950.2518,384590.721,SA2548
166015.2839,384584.067,SA2549
166015.2839,384584.067,SA2550
166015.2839,384584.067,SA2551
166015.2839,384584.067,SA2552
166015.2839,384584.067,SA2553
166015.2839,384584.067,SA2554
166057.623,384556.673,SA2555
166057.623,384556.673,SA2556
166057.623,384556.673,SA2557
166057.623,384556.673,SA2558
